Ministerio,Compromiso,Indicador,Mes Asignado,Valor Original,Datos Originales
"Jefatura de Gabinete","Garantizar el cumplimiento de la capacitación obligatoria en Ley Micaela. ","Cantidad de trabajadores inscriptos en la capacitacion","enero","4557","4557"
"Jefatura de Gabinete","","Cantidad de trabajadores que completaron la capacitación","enero","2440","2440"
"Jefatura de Gabinete","","Cantidad de capacitaciones brindadas (si sirve se puede dividir en modalidad online y presencial)","enero","2","Autogestionado 2 - Presencial 22 - Virtual con Tutoría 10"
"Jefatura de Gabinete","Articular instancias de capacitación y formación en la implementación de Programa Mujeres Líderes en GCBA. ","Cantidad de trabajadores inscriptos en la capacitacion","enero","70","70"
"Jefatura de Gabinete","","Cantidad de trabajadores que completaron la capacitación","enero","18","18"
"Jefatura de Gabinete","","Cantidad de capacitaciones brindadas","enero","7","7"
"Jefatura de Gabinete","Garantizar la especializaciòn en perspectiva de genero en el marco del programa "Especializaciones"","Cantidad de ediciones de la especializaciones en perspectiva de género realizadas en 2024","enero","1","1"
"Jefatura de Gabinete","","Cantidad de personas inscriptas en especializacion/es de perspectiva de género","enero","926","926"
"Jefatura de Gabinete","Continuar garantizando la asignación de becas paritarias para las formaciones","Tasa de paridad en la asignación de becas","enero","59","59% (Total de 9 becas)"
"Jefatura de Gabinete","","Cantidad de mujeres con becas que finalizaron las formaciones","enero","27","27/31"
"Jefatura de Gabinete","Ajuste (ya está publicado) de manual de diseño de espacios públicos con perspectiva de género","Cantidad de reuniones para realizar los ajustes al manual de diseño en espacios publicos","enero","4","4 (internas DGANU - SECDU)"
"Jefatura de Gabinete","Promoción de espacios de fútbol mixto.","Cantidad de encuentros realizados para la elaboracion de diagnostico, planificacion y cronograma de actividades","enero","1","1"
"Jefatura de Gabinete","","Número de materiales promocionales producidos","enero","4","4"
"Jefatura de Gabinete","","Cantidad de nuevas personas inscriptas a futbol mixto","enero","1803","1803"
"Jefatura de Gabinete","","Porcentaje de participación de mujeres en las actividades de fútbol mixto:","enero","0","0.18"
"Jefatura de Gabinete","","Cantidad de actividades de relevamiento realizadas ","enero","1","1"
"Jefatura de Gabinete","","Porcentaje de clubes con comisiones de género establecidas:","enero","0","0.3"
"Jefatura de Gabinete","Confección de un Informe de relevamiento sobre la existencia de Protocolos de actuación ante situaciones de violencia de género y protección a las infancias y adolescencias en las entidades deportivas.","Actividades de planificacion","enero","2025","Se preve para el 2025 comenzar con el relevamiento en las convocatorias en el marco de la ley n° 1.624 de deportes"
"Jefatura de Gabinete","","Elaboracion de cronograma de relevamiento","enero","2025","De acuerdo a las convocatorias previstas para el 2025, se establecerá el cronograma correspondiente en cada una de ellas"
"Jefatura de Gabinete","","Número de entidades deportivas relevadas","enero","2025","Se preve para el 2025 relevar a todos los clubes que soliciten el subsidio de acuerdo a la ley 1.625 de deportes"
"Jefatura de Gabinete","","Porcentaje de entidades con protocolos de actuación existentes:","enero","2025","Se preve para el 2025 relevar a todos los clubes que soliciten el subsidio de acuerdo a la ley 1.625 de deportes"
"Jefatura de Gabinete","","Fecha de publicacion del Informe","enero","1","Se preve para el 1° semestre del 2025 elaborar un informe"
"Jefatura de Gabinete","","Fecha de Publicacion del protocolo","enero","2023","Diciembre de 2023 se publicó el protocolo de prevencion e intervención ante Situaciones de Violencia de Género y discriminación en actividades y espacios de la Secretaria de Deportes del GCBA"
"Jefatura de Gabinete","","Cantidad de actividades de Difusión del protocolo","enero","14","14"
"Jefatura de Gabinete","","Cantidad de clubes deportivos que reciben materiales informativos para colocar en su infraestructura","enero","12","12 Polideportivos recibieron materiales para colocar en su infraestructura"
"Jefatura de Gabinete","","Cantidad de clubes deportivos que colocan carteleria de la linea 144 en su infgraestructura visible","enero","50","Se colocaron 50 carteles en los 12 Polideportivos de la Ciudad de Buenos Aires. A saber: Polideportivo Patricios; Polideportivo Don Pepe; Polideportio Pereyra; Polideportivo Dorrego; Polideportivo Avellaneda; Polideportivo Santojanni; Polideportivo Chacabuco; Polideportivo Onega; Polideportivo Pomar; Polideportivo Sarmiento; Polideportivo Martin Fierro; Polideportivo Colegiales."
"Jefatura de Gabinete","","Acciones de concientizacion sobre el deporte inclusivo","enero","2025","Se realizaron charlas en Escuela Especial, Educación Primaria y Secundaria (dictadas por docentes especializados en el área y/o embajadores de la Secretaría de Deportes, quienes son deportistas con discapacidad). Se avanzó en comunicación con el ámbito de escuelas del sector privado con proyección a aumentar la cantidad de capacitaciones en 2025. Se realizó el primer Congreso de Deporte Adaptado y Paralímpico de la Ciudad de Buenos Aires. Se llevaron a cabo categorías específicas de Deportes para personas con Discapacidad en los Juegos Porteños, y por primera vez en la apertura de los mismos se realizó una demostración de Paraarquería. Se generaron encuentros deportivos específicos entre alumnos con y sin discapacidad. Se brindó 1 capacitación en el marco de una Jornada sobre Discapacidad organizada por la Asociación de Mujeres Médicas. Se brindó una charla en una Jornada de Charlas Deportivas, en una mesa relacionada al Deporte para personas con discpacidad, en el Consejo Profesional de Ciencias Económicas de la Ciudad de Buenos Aires. Participación en la Jornada "Ellas Lideran", evento organizado por y para las mujeres, donde se participó moderando la mesa de Deporte y Discapacidad. Se realizó el 1° torneo de Boccias categoría BC3 de la Ciudad de Buenos Aires (COPA PEDRO SAINT ANTONIN); articulación con Olimpiadas Especiales en la realización de un torneo clasificatorio de Atletismo en el Parque Olimpico y articulación con FADDIM en la segunda edición de la Liga Inclusiva de Futsal (personas con discapacidad intelectual y sindrome down, con categorías femeninas y masculinas). Participación en los Juegos Evita (Tenis de mesa, Natación, Atletismo, Boccias, Goalball, básquet 3 x 3) Participación en Opens de Natación Paralímpica. Caminata de concientización por la Esclerosis Múltiple. Maratones de concientización con organizaciones dedicadas al ámbito deportivo para personas con discapacidad."
"Jefatura de Gabinete","","tiempo promedio de respuestaa incidentes de seguridad","enero","1","1.374"
"Jefatura de Gabinete","","aplicaciones de GCBA analizadas","enero","470","470"
"Jefatura de Gabinete","Continuar teniendo el apoyo de BOTI como canal de acceso para la atención, derivación y contención  de mujeres en el GCBA. 
.","Cantidad de consultas atendidas por genero que necesiten derivacion a traves de boti","enero","479","479"
"Jefatura de Gabinete","Promover mecanismos de difusión de esta herramienta como vía de acceso a recursos del GCBA","contenidos de campaña de genero incorporados en boti","enero","5","5"
"Educación 22/8","Garantizar el cupo de mujeres en los cursos de los Programas Talento Tech +18 (50%) y Talento Tech -18 (40%), o los que en un futuro los reemplacen.","Garantizar el cupo de mujeres en el curso Talento Tech +18 (50%): % de mujeres sobre el total de cursantes","enero","0","0.39"
"Educacion","","Garantizar el cupo de mujeres en el curso Talento Tech -18 (40%): % de mujeres sobre el total de cursantes","enero","0","0.42"
"Educacion","Articular con la Dirección General de Abordaje de las Violencias por Motivos de Género dependiente de la Subsecretaría de Fortalecimiento Personal, Familiar y Comunitario, del Ministerio de Desarrollo Humano y Hábitat, la derivación de los casos que se presenten en los Centros Integrales de la Mujer que requieran terminalidad educativa.","Cantidad de casos derivados","enero","4","4 casos derivados"
"Educacion","Incorporar los contenidos vinculados a violencia digital, delitos contra la integridad sexual en el {ámbito digital y trata de personas en la currícula de ESI en todos de todos los niveles de educación secundaria superior (4to, 5to y 6to).","Creación de las comisiones de Bienestar Digital y de Género y STEAM ","enero","1","Ambas comisiones creadas: "1. La Comisión de Bienestar Digital tiene por objeto delinear políticas estratégicas que aborden de forma integral el impacto de la educación digital en los aspectos académicos, socioemocionales y tecnológicos, asegurando un enfoque holístico que responda a las necesidades tanto del bienestar emocional como del aprendizaje digital.
2. La Comisión de Género y STEAM se ha constituido para desarrollar el procedimiento de trabajo de Niñas Primero*""
"Educacion","Garantizar la continuidad en la asignación de vacantes de capacitación a mujeres para la profesionalización del cuidado en la infancia en niños de 43 días a 3 años de edad realizados a través de. la Agencia de Habilidades para el Futuro.","% de mujeres sobre la matrícula del  curso "Cuidador/a de niños y niñas en el ámbito de la vida familiar"","enero","0","0.82"
"Educacion","","Cursos cuatrimestral, dictado en 2 Centros de Formación Profesional.","enero","2024"," En 2024 se asignaron 110  vacantes y hubo 63 matriculaciones  de las cuales 52 (el 82%) son mujeres"
"Educacion","Iniciar acciones para la implementación de la estrategia transversal “Niñas Primero” en los diferentes niveles de educación","Cantidad de participantes de la comisión de Género y STEAM. Dicha comisión tiene por objeto dar herramientas de formación sobre mujeres ganers, la modificación de roles y funciones de Facilitadores y Asistentes Pedagógicos Digitales y la inserción de las niñas en la cultura digital.","enero","300","300 participantes"
"Educacion","Potenciar el “Club de Robótica para chicas”.","Cantidad de inscriptas en el programa","enero","1","1.000 inscriptas"
"Educacion","","Cantidad de clubes creados","enero","14","14"
"Educacion","Impulsar “Consultec”, actividad para promover vocaciones científicas y técnicas en niñas y jóvenes que impacta en las estudiantes de todas las escuelas técnicas de la ciudad.","% de mujeres matriculadas en las 32 divisiones de escuelas técnicas inscriptas","enero","250","250 participantes"
"Educacion","Establecer “Mentoreo”, actividad de acompañamiento en la orientación vocacional y empleabilidad por referentes de la industria IT para el 100% de las alumnas de los Programas Talento Tech +18 y Talento Tech -18, y aquellos que los sucedan a futuro.","Cantidad de mujeres mentoreadas anualmente ","enero","511","511 participantes "
"Seguridad 16-5","Crear en conjunto con la Subsecretaría de la Mujer una “Mesa Interministerial de Femicidios” de la Ciudad de Buenos Aires, para el análisis y elaboración de informes estadísticos entorno a los femicidios ocurridos en el ámbito de la Ciudad.","a) Cantidad de reuniones entre el Ministerio de Seguridad y la Subsecretaría de la Mujer para la elaboración de la Resolución conjunta que apruebe la Mesa
","enero","1","1"
"Seguridad","Garantizar la continuidad del convenio de las líneas 144 de Atención a la Víctima y 911 de atención ante emergencias.","a) Cantidad de llamadas recibidas a la línea 911 y redirigidas al 144 (por mes del año 2024)","enero","37","37"
"MDHyH","D) Continuar con las líneas de atención telefónica 144 y 911. ","Cantidad de llamadas realizadas al 144 y derivadas al 911 por mes","enero","43","Cantidad de llamadas a la línea: 43.765
 Cantidad de casos de violencia de género: 4091
 Cantidad de derivaciones de casos de VDG a línea 911: 731
 "