{
  "fecha": "2025-09-04T15:01:59.631Z",
  "totalCompromisos": 10,
  "exitosos": 10,
  "fallidos": 0,
  "resultados": [
    {
      "compromiso": {
        "ministerioId": "EDU",
        "titulo": "Compromiso sin título",
        "descripcion": "Compromiso sin título específico"
      },
      "resultado": {
        "success": true,
        "data": {
          "success": true,
          "data": {
            "id": "CST",
            "titulo": "Compromiso sin título",
            "ministerioId": "EDU",
            "activo": true
          },
          "message": "Línea creada exitosamente"
        }
      }
    },
    {
      "compromiso": {
        "ministerioId": "EDU",
        "titulo": "Articular con la Dirección General de Abordaje de las Violencias por Motivos de Género",
        "descripcion": "Articular con la Dirección General de Abordaje de las Violencias por Motivos de Género dependiente de la Subsecretaría de Fortalecimiento Personal, Familiar y Comunitario, del Ministerio de Desarrollo Humano y Hábitat, la derivación de los casos que se presenten en los Centros Integrales de la Mujer que requieran terminalidad educativa."
      },
      "resultado": {
        "success": true,
        "data": {
          "success": true,
          "data": {
            "id": "ACLDGDADLVPMDG",
            "titulo": "Articular con la Dirección General de Abordaje de las Violencias por Motivos de Género",
            "ministerioId": "EDU",
            "activo": true
          },
          "message": "Línea creada exitosamente"
        }
      }
    },
    {
      "compromiso": {
        "ministerioId": "EDU",
        "titulo": "Articular instancias de capacitación y formación",
        "descripcion": "Articular instancias de capacitación y formación en la implementación de Programa Mujeres Líderes en GCBA."
      },
      "resultado": {
        "success": true,
        "data": {
          "success": true,
          "data": {
            "id": "AIDCYF",
            "titulo": "Articular instancias de capacitación y formación",
            "ministerioId": "EDU",
            "activo": true
          },
          "message": "Línea creada exitosamente"
        }
      }
    },
    {
      "compromiso": {
        "ministerioId": "EDU",
        "titulo": "Continuar garantizando la asignación de becas paritarias",
        "descripcion": "Continuar garantizando la asignación de becas paritarias para las formaciones"
      },
      "resultado": {
        "success": true,
        "data": {
          "success": true,
          "data": {
            "id": "CGLADBP",
            "titulo": "Continuar garantizando la asignación de becas paritarias",
            "ministerioId": "EDU",
            "activo": true
          },
          "message": "Línea creada exitosamente"
        }
      }
    },
    {
      "compromiso": {
        "ministerioId": "EDU",
        "titulo": "Continuar teniendo el apoyo de BOTI",
        "descripcion": "Continuar teniendo el apoyo de BOTI como canal de acceso para la atención, derivación y contención de mujeres en el GCBA."
      },
      "resultado": {
        "success": true,
        "data": {
          "success": true,
          "data": {
            "id": "CTEADB",
            "titulo": "Continuar teniendo el apoyo de BOTI",
            "ministerioId": "EDU",
            "activo": true
          },
          "message": "Línea creada exitosamente"
        }
      }
    },
    {
      "compromiso": {
        "ministerioId": "EDU",
        "titulo": "Creación de un protocolo unificado",
        "descripcion": "Creación de un protocolo unificado para el abordaje de situaciones de violencia de género y protección a las infancias y adolescencias."
      },
      "resultado": {
        "success": true,
        "data": {
          "success": true,
          "data": {
            "id": "CDUPU",
            "titulo": "Creación de un protocolo unificado",
            "ministerioId": "EDU",
            "activo": true
          },
          "message": "Línea creada exitosamente"
        }
      }
    },
    {
      "compromiso": {
        "ministerioId": "EDU",
        "titulo": "Confección de un Informe de relevamiento",
        "descripcion": "Confección de un Informe de relevamiento sobre la existencia de Protocolos de actuación ante situaciones de violencia de género y protección a las infancias y adolescencias en las entidades deportivas."
      },
      "resultado": {
        "success": true,
        "data": {
          "success": true,
          "data": {
            "id": "CDUIDR",
            "titulo": "Confección de un Informe de relevamiento",
            "ministerioId": "EDU",
            "activo": true
          },
          "message": "Línea creada exitosamente"
        }
      }
    },
    {
      "compromiso": {
        "ministerioId": "MDH",
        "titulo": "Promover charlas y capacitaciones sobre género",
        "descripcion": "C) Promover charlas y capacitaciones sobre género a las 12 cooperativas vinculadas al Ministerio de Espacio Público e Higiene Urbana para la recolección exclusiva de materiales reciclables secos."
      },
      "resultado": {
        "success": true,
        "data": {
          "success": true,
          "data": {
            "id": "PCYCSG",
            "titulo": "Promover charlas y capacitaciones sobre género",
            "ministerioId": "MDH",
            "activo": true
          },
          "message": "Línea creada exitosamente"
        }
      }
    },
    {
      "compromiso": {
        "ministerioId": "VIC",
        "titulo": "Ajuste de manual de diseño de espacios públicos",
        "descripcion": "Ajuste (ya está publicado) de manual de diseño de espacios públicos con perspectiva de género"
      },
      "resultado": {
        "success": true,
        "data": {
          "success": true,
          "data": {
            "id": "ADMDDDEP",
            "titulo": "Ajuste de manual de diseño de espacios públicos",
            "ministerioId": "VIC",
            "activo": true
          },
          "message": "Línea creada exitosamente"
        }
      }
    },
    {
      "compromiso": {
        "ministerioId": "VIC",
        "titulo": "Promover acciones de sensibilización y educación",
        "descripcion": "5. Promover acciones de sensibilización y educación sobre la violencia de género dirigidas a comunidades migrantes, en conjunto con la Dirección General de Abordaje de las Violencias por Razones de Género dependiente del Ministerio de Desarrollo Humano y Hábitat."
      },
      "resultado": {
        "success": true,
        "data": {
          "success": true,
          "data": {
            "id": "PADSYE",
            "titulo": "Promover acciones de sensibilización y educación",
            "ministerioId": "VIC",
            "activo": true
          },
          "message": "Línea creada exitosamente"
        }
      }
    }
  ]
}